catalog_order,track,category,subcategory,format,title,series_number,duration,upload_date,views,video_id,url,description
1,Foundations & Approach,Clinical MRI physics,Three-part foundation series,Long-form lecture,Introduction to Clinical MRI Physics (part 1 of 3),1,39:48,2020-05-08,119361,Yubg0cmXSQg,https://www.youtube.com/watch?v=Yubg0cmXSQg,"Intended audience: radiology residents and fellows, medical students, or anyone who is interested in learning basic MRI physics conceptually. No complex equations or formulas. It is also helpful for those who are seeking the cure to their insomnia.
----- Contents -----
0:00 - Intro
3:06 - Basic definitions
5:35 - MR active atoms
7:23 - Hydrogen proton / spin
9:09 - Larmor frequency and equation
11:19 - Longitudinal and transverse magnetization
12:57 - Resonance
14:33 - Longitudinal relaxation and T1 relaxation time
19:39 - Transverse relaxation and T2 relaxation time
22:52 - T2*, echo, and Spin Echo technique
32:27 - T1 and T2 weighted imaging"
2,Foundations & Approach,Clinical MRI physics,Three-part foundation series,Long-form lecture,Introduction to Clinical MRI Physics (part 2 of 3),2,41:01,2020-05-10,56411,Uyf3A87q7g4,https://www.youtube.com/watch?v=Uyf3A87q7g4,"Intended audience: radiology residents and fellows, medical students, or anyone who is interested in learning basic MRI physics conceptually. No complex equations or formulas.
0:00 - Intro
2:12 - Imaging localization and Gradient
5:51 - Slice selection
11:22 - Frequency and Phase definition
14:48 - Frequency encoding (FE)
23:54 - Phase encoding (PE)
28:45 - Frequency and phase encoding and K space
38:33 - How to tell FE vs. PE direction, examples"
3,Foundations & Approach,Clinical MRI physics,Three-part foundation series,Long-form lecture,Introduction to Clinical MRI Physics (part 3 of 3),3,36:05,2020-05-18,32539,-mgAh9zlPcI,https://www.youtube.com/watch?v=-mgAh9zlPcI,"Intended audience: radiology residents and fellows, medical students, or anyone who is interested in learning basic MRI physics conceptually. No complex equations or formulas.
0:00 - Intro
1:00 - 2D vs. 3D
8:27 - Matrix and Field of view
11:00 - Wrap around artifact
12:05 - Nyquist sampling rate and Undersampling
14:04 - Frequency undersampling artifact
17:34 - Phase undersampling artifact
21:08 - Pulse diagrams and basic parameters
23:57 - Gradient echo technique
31:31 - Inversion recovery technique"
4,Foundations & Approach,MRI interpretation fundamentals,Systematic brain MRI approach,Long-form tutorial,How To Read A Brain MRI - Neuroradiology Made Easy (Maybe?),,42:09,2021-08-30,103151,ODNvqoAYkgw,https://www.youtube.com/watch?v=ODNvqoAYkgw,"Intended for junior radiology residents, medical students, or anyone with limited experience reading a brain MRI.
0:00 - Introduction
1:27 - DWI/ADC
5:08 - Sagittal T1
7:29 - Sag T1: Midline anatomy
12:34 - Axial T1
16:24 - Axial T1: Axial anatomy
22:29 - Axial FLAIR
27:40 - Axial T2
32:26 - SWI/GRE
35:42 - T1 post-contrast
39:12 - Overall approach to Brain MRI"
5,Foundations & Approach,MRI interpretation fundamentals,Diffusion-weighted imaging,Long-form tutorial,DWI - How Does Acute Infarct Cause Restricted Diffusion?,,5:09,2020-11-23,23901,u4qC0x5AEVU,https://www.youtube.com/watch?v=u4qC0x5AEVU,Short Basic Neuroradiology presentation on evolution of an infarction on MRI and simplified theory behind its changing imaging appearance.
6,Foundations & Approach,MRI interpretation fundamentals,Mass effect and herniation,Long-form tutorial,Imaging of Intracranial Mass Effect and Brain Herniation Made Easy,,16:42,2020-08-03,39484,lBqstXbsxRE,https://www.youtube.com/watch?v=lBqstXbsxRE,"Target audience: Junior radiology residents, medical students, residents of other specialties, etc.
----------- Contents --------------------------
0:00 - Intro
0:09 - Basic Neuroanatomy: 4 Key Levels
4:25 - Mass Effect and Herniations
16:15 - Summary"
7,Foundations & Approach,Neuroanatomy foundations,Anatomy and pathways,Long-form tutorial,"Neuroanatomy: Limbic System, Hypothalamus, and Pituitary Axis",,29:13,2023-09-08,14054,JcDoXceVk2E,https://www.youtube.com/watch?v=JcDoXceVk2E,"Neuroanatomy of Limbic system, Hypothalamus, and Pituitary with Radiology-Anatomy Correlation
0:00 - Intro
1:30 - Midline sagittal anatomy overview
5:01 - Midline sagittal anatomy zoomed in
9:59 - Limbic system (amygdala and hippocampus)
14:55 - Hippocampus
18:37 - Hypothalamus
22:17 - Pituitary axis"
8,Foundations & Approach,Differential diagnosis tutorials,Mass lesion differential,Long-form tutorial,Top 3 Differential Diagnosis: Mass Lesion Crossing Corpus Callosum,,3:53,2021-09-16,6376,uz3uzD7jl1U,https://www.youtube.com/watch?v=uz3uzD7jl1U,"0:00 - Intro + Unknown case
0:50 - Top 3 DDX for mass lesion crossing corpus callosum
3:08 - Answer"
9,Foundations & Approach,Pediatric neuroradiology foundations,Posterior fossa malformations,Long-form tutorial,Posterior Fossa Cystic Malformations Made Easy - How To Tell Them Apart,,10:26,2020-12-05,54428,gvvuvgHE4q4,https://www.youtube.com/watch?v=gvvuvgHE4q4,"Cookbook approach to differentiate common cystic malformations of the posterior fossa. Target audience: Radiology residents, fellows, general radiologists, etc.
0:00 - Intro
0:35 - Anatomical landmarks
2:29 - Dandy-Walker
3:46 - Dandy-Walker variant?
5:02 - Blake pouch cyst
6:18 - Mega cisterna magna
7:10 - Inferior vermian hypoplasia
8:41 - Arachnoid cyst
9:26 - Summary chart"
10,Foundations & Approach,CT temporal bone,Step-by-step interpretation,Long-form tutorial,CT Temporal Bone Made Easy (Part 1) - Step by Step Approach,1,28:55,2020-11-06,145122,dF3Iel6cU_8,https://www.youtube.com/watch?v=dF3Iel6cU_8,"My basic approach to CT temporal bone, breaking into 2 parts for easier digestion, for radiology residents, non-neuro radiologists, or medical students.
00:00 - Intro
02:01 - Systematic Approach
02:22 - Outer Ear (OE)
06:04 - Middle Ear (ME)
17:54 - ME Case Example: Cholesteatoma
25:05 - ME Case Example: Cochlear Promontory"
11,Foundations & Approach,CT temporal bone,Step-by-step interpretation,Long-form tutorial,CT Temporal Bone Made Easy (Part 2) - Step by Step Approach,2,25:05,2020-11-07,56827,ldO4AEN2Fa8,https://www.youtube.com/watch?v=ldO4AEN2Fa8,"My basic approach to CT temporal bone, breaking into 2 parts for easier digestion, for radiology residents, non-neuro radiologists, or medical students.
0:00 - Intro
0:09 - Inner Ear (IE)
0:35 - Facial Nerve
7:41 - Cochlea, Vestibule, and Semicircular Canals
14:55 - IE Case Examples: LO and OS
19:04 - Vestibular aqueduct
20:55 - Others
23:30 - Summary"
12,Board Review Cases,Board review — brain,Numbered case series,Long-form case review,Neuroradiology Board Review - Brain Case 1,1,3:51,2020-12-22,4108,MiEakIf3e4g,https://www.youtube.com/watch?v=MiEakIf3e4g,"0:00 - Question
0:49 - Answer / Explanation
2:16 - Wrong choices
#neuroradiology 
Vascular Malformation: Cavernous malformation"
13,Board Review Cases,Board review — brain,Numbered case series,Long-form case review,Neuroradiology Board Review - Brain Case 2,2,3:29,2020-12-27,2770,nnyIlCD8TeY,https://www.youtube.com/watch?v=nnyIlCD8TeY,"0:00 - Question
0:50 - Answer and Explanation
2:08 - Wrong answers

Neoplasm: Subependymoma"
14,Board Review Cases,Board review — brain,Numbered case series,Long-form case review,Neuroradiology Board Review - Brain Case 3,3,4:33,2021-01-10,2563,-WlirdJMDLw,https://www.youtube.com/watch?v=-WlirdJMDLw,"0:00 - Question
0:50 - Answer and Explanation
2:39 - Wrong answers

Neoplasm: CNS lymphoma"
15,Board Review Cases,Board review — brain,Numbered case series,Long-form case review,Neuroradiology Board Review - Brain Case 4,4,7:07,2021-03-27,2512,eYLZmE_Esp4,https://www.youtube.com/watch?v=eYLZmE_Esp4,"0:00 - Question
0:59 - Answer and explanation
3:57 - DDx

Neoplasm: Pineocytoma"
16,Board Review Cases,Board review — brain,Numbered case series,Long-form case review,Neuroradiology Board Review - Brain Case 5,5,7:18,2021-05-20,2578,ZMr4W6rHp4k,https://www.youtube.com/watch?v=ZMr4W6rHp4k,"0:00 - Question
0:59 - Answer and explanation
2:13 - General ddx for intraventricular tumor
3:29 - Wrong answers explanation

Neoplasm: Central neurocytoma"
17,Board Review Cases,Board review — brain,Numbered case series,Long-form case review,Neuroradiology Board Review - Brain Case 6,6,9:23,2021-07-25,2504,qcLmWmDR5EA,https://www.youtube.com/watch?v=qcLmWmDR5EA,"0:00 - Question
0:58 - Answer and Explanation
4:20 - Wrong answers and differential diagnosis

PRES / Hypertensive encephalopathy"
18,Board Review Cases,Board review — brain,Numbered case series,Long-form case review,Neuroradiology Board Review - Brain Case 7,7,15:31,2021-08-10,2630,cptfyGi8VTI,https://www.youtube.com/watch?v=cptfyGi8VTI,"0:00 - Question
0:59 - Answer and Explanation
2:52 - Differential diagnosis for enhancing lesion
5:52 - Met vs. Abscess vs. Glioma

Infection: Abscess"
19,Board Review Cases,Board review — brain,Numbered case series,Long-form case review,Neuroradiology Board Review - Brain Case 8,8,6:38,2021-10-11,1937,uRQqMsM6xjw,https://www.youtube.com/watch?v=uRQqMsM6xjw,"0:00 - Question
0:56 - Answer and Explanation
4:19 - Wrong answers"
20,Board Review Cases,Board review — brain,Numbered case series,Long-form case review,Neuroradiology Board Review - Brain Case 9,9,4:38,2021-12-25,1800,AWYeYiXvSLw,https://www.youtube.com/watch?v=AWYeYiXvSLw,"0:00 - Question
0:54 - Answer and Explanation
2:37 - Wrong answers"
21,Board Review Cases,Board review — brain,Numbered case series,Long-form case review,Neuroradiology Board Review - Brain Case 10,10,6:49,2022-03-01,2209,PfMQKtYXeFQ,https://www.youtube.com/watch?v=PfMQKtYXeFQ,"0:00 - Question
0:54 - Answer and Explanation
3:23 - Wrong answers and ddx"
22,Board Review Cases,Board review — brain,Numbered case series,Long-form case review,Neuroradiology Board Review - Brain Case 11,11,8:03,2022-06-03,2343,AOusBf-qEds,https://www.youtube.com/watch?v=AOusBf-qEds,"0:00 - Question
1:10 - Answer and Explanation
5:42 - Wrong answers and ddx"
23,Board Review Cases,Board review — brain,Numbered case series,Long-form case review,Neuroradiology Board Review - Brain Case 12,12,7:00,2022-09-10,2689,oYRuMfSSL_M,https://www.youtube.com/watch?v=oYRuMfSSL_M,"0:00 - Question
0:49 - Answer and Explanation
2:37 - Wrong answers and ddx
#neuroradiology 
Wernecke encephalopathy (WE)"
24,Board Review Cases,Board review — brain,Numbered case series,Long-form case review,Neuroradiology Board Review - Brain Case 13,13,6:15,2022-10-30,3704,e9MBsAPK734,https://www.youtube.com/watch?v=e9MBsAPK734,"0:00 - Question
0:55 - Answer and Explanation
2:45 - Wrong answers and ddx
#neuroradiology 
Methotrexate neurotoxicity"
25,Board Review Cases,Board review — spine,Numbered case series,Long-form case review,Neuroradiology Board Review - Spine Case 1,1,4:11,2020-12-22,3243,VEfWdZ8Prok,https://www.youtube.com/watch?v=VEfWdZ8Prok,"0:00 - Question
0:50 - Answer and Explanation
2:00 - Wrong answers

Congenital Malformation / Iatrogenic: Epidermoid"
26,Board Review Cases,Board review — spine,Numbered case series,Long-form case review,Neuroradiology Board Review - Spine Case 2,2,4:18,2020-12-30,2316,Q8Ghq6AxngQ,https://www.youtube.com/watch?v=Q8Ghq6AxngQ,"0:00 - Question
0:50 - Answer and explanation
2:20 - Wrong answers

Neoplasm: Myxopapillary ependymoma"
27,Board Review Cases,Board review — spine,Numbered case series,Long-form case review,Neuroradiology Board Review - Spine Case 3,3,4:16,2021-01-17,1977,_dtZOxL9Wss,https://www.youtube.com/watch?v=_dtZOxL9Wss,"0:00 - Question
0:50 - Answer and Explanation
2:23 - Wrong answers
#neuroradiology 
Neoplasm: Spinal meningioma"
28,Board Review Cases,Board review — spine,Numbered case series,Long-form case review,Neuroradiology Board Review - Spine Case 4,4,7:17,2021-02-17,2491,1S6aNfs13HU,https://www.youtube.com/watch?v=1S6aNfs13HU,"0:00 - Question
0:55 - Answer and explanation
4:31 - Wrong answers

Congenital Malformation: Neurenteric cyst"
29,Board Review Cases,Board review — spine,Numbered case series,Long-form case review,Neuroradiology Board Review - Spine Case 5,5,10:10,2021-05-26,2181,k--S0S0SOhY,https://www.youtube.com/watch?v=k--S0S0SOhY,"0:00 - Question
0:58 - Answer and explanation
4:03 - Differential discussion
8:03 - Wrong answers explanation

Congenital: von Hippel-Lindau"
30,Board Review Cases,Board review — spine,Numbered case series,Long-form case review,Neuroradiology Board Review - Spine Case 6,6,9:10,2021-08-02,2135,KjedO4tuvoU,https://www.youtube.com/watch?v=KjedO4tuvoU,"0:00 - Question
1:00 - Answer and Explanation
4:24 - Wrong answers and differential diagnosis

Multiple sclerosis"
31,Board Review Cases,Board review — spine,Numbered case series,Long-form case review,Neuroradiology Board Review - Spine Case 7,7,7:27,2021-09-03,1823,GRqJ2xmpuko,https://www.youtube.com/watch?v=GRqJ2xmpuko,"0:00 - Question
1:00 - Answer and Explanation
1:54 - Dorsal column-medial lemniscus anatomy
5:04 - Wrong answers and differential"
32,Board Review Cases,Board review — spine,Numbered case series,Long-form case review,Neuroradiology Board Review - Spine Case 8,8,7:26,2021-10-15,1806,Vy5vS3eC-Rs,https://www.youtube.com/watch?v=Vy5vS3eC-Rs,"0:00 - Question
0:58 - Findings
1:56 - Answer
4:21 - Wrong choices and Ddx"
33,Board Review Cases,Board review — spine,Numbered case series,Long-form case review,Neuroradiology Board Review - Spine Case 9,9,7:27,2021-12-29,1948,YdInUCkM2H4,https://www.youtube.com/watch?v=YdInUCkM2H4,"0:00 - Question
0:56 - Answer / Explanation
4:05 - Wrong choices and Ddx"
34,Board Review Cases,Board review — spine,Numbered case series,Long-form case review,Neuroradiology Board Review - Spine Case 10,10,6:40,2022-03-06,1720,3lYrDIxqovo,https://www.youtube.com/watch?v=3lYrDIxqovo,"0:00 - Question
0:55 - Answer / Explanation
2:35 - Wrong choices and Differentials"
35,Board Review Cases,Board review — spine,Numbered case series,Long-form case review,Neuroradiology Board Review - Spine Case 11,11,5:40,2022-06-12,2040,P-3dw2aw5mE,https://www.youtube.com/watch?v=P-3dw2aw5mE,"0:00 - Question
0:58 - Answer / Explanation
2:30 - Top differential diagnosis for this particular finding"
36,Board Review Cases,Board review — spine,Numbered case series,Long-form case review,Neuroradiology Board Review - Spine Case 12,12,5:31,2022-09-24,2068,ExSEToGtrrc,https://www.youtube.com/watch?v=ExSEToGtrrc,"0:00 - Question
0:50 - Answer and Explanation
2:37 - Wrong answers and ddx
#neuroradiology 
Post-radiation marrow"
37,Board Review Cases,Board review — spine,Numbered case series,Long-form case review,Neuroradiology Board Review - Spine Case 13,13,5:42,2023-02-18,3616,TFcptGZvjLk,https://www.youtube.com/watch?v=TFcptGZvjLk,"0:00 - Intro.
0:50 - Answer and Explanation
2:16 - Wrong answers and ddx
#neuroradiology 
Inflammatory: AIDP / Guillain-Barre"
38,Board Review Cases,Board review — head & neck,Numbered case series,Long-form case review,Neuroradiology Board Review - Head/Neck Case 1,1,5:19,2020-12-23,3663,uu-7aFc1fzA,https://www.youtube.com/watch?v=uu-7aFc1fzA,"0:00 - Question
0:50 - Answer and Explanation
2:17 - Wrong answers
#neuroradiology 
Neoplasm: Inverted papilloma"
39,Board Review Cases,Board review — head & neck,Numbered case series,Long-form case review,Neuroradiology Board Review - Head/Neck Case 2,2,4:01,2021-01-02,908,koRis7Yxji0,https://www.youtube.com/watch?v=koRis7Yxji0,"0:00 - Question
0:50 - Answer and explanation
2:21- Wrong answers

Neoplasm: Optic nerve meningioma"
40,Board Review Cases,Board review — head & neck,Numbered case series,Long-form case review,Neuroradiology Board Review - Head/Neck Case 3,3,4:11,2021-01-25,2590,GsuKZl_avMU,https://www.youtube.com/watch?v=GsuKZl_avMU,"0:00 - Question
0:50 - Answer and Explanation
2:25 - Wrong answers

Labyrinthitis ossificans"
41,Board Review Cases,Board review — head & neck,Numbered case series,Long-form case review,Neuroradiology Board Review Head/Neck Case 4,4,5:15,2021-04-05,2029,Q6cWJg7G73g,https://www.youtube.com/watch?v=Q6cWJg7G73g,"0:00​ - Question
0:58 - Answer and explanation
2:53​ - Wrong answers

Neoplasm: Cystic nodal metastasis"
42,Board Review Cases,Board review — head & neck,Numbered case series,Long-form case review,Neuroradiology Board Review - Head/Neck Case 5,5,7:32,2021-06-03,2116,rW4oUI7Ry5I,https://www.youtube.com/watch?v=rW4oUI7Ry5I,"0:00 - Question
0:58 - Answer and explanation
3:16 - Wrong answers and ddx

Malformation: Epidermoid cyst"
43,Board Review Cases,Board review — head & neck,Numbered case series,Long-form case review,Neuroradiology Board Review - Head/Neck Case 6,6,9:46,2021-08-04,1934,onjAopiif74,https://www.youtube.com/watch?v=onjAopiif74,"0:00 - Question
1:00 - Answer and Explanation
3:51 - Wrong answers and differential diagnosis

Otosclerosis / Otospongiosis"
44,Board Review Cases,Board review — head & neck,Numbered case series,Long-form case review,Neuroradiology Board Review - Head/Neck Case 7,7,11:43,2021-09-11,2214,-ONogOyRi5s,https://www.youtube.com/watch?v=-ONogOyRi5s,"0:00 - Question
0:57 - Answer and Explanation
6:32 - Wrong answers and differential diagnosis"
45,Board Review Cases,Board review — head & neck,Numbered case series,Long-form case review,Neuroradiology Board Review - Head/Neck Case 8,8,8:11,2021-10-25,1962,XJkjbEjKrVI,https://www.youtube.com/watch?v=XJkjbEjKrVI,"0:00 - Question
0:56 - Answer and Explanation (Neck Spaces)
4:48 - Key Findings and Wrong Answers"
46,Board Review Cases,Board review — head & neck,Numbered case series,Long-form case review,Neuroradiology Board Review - Head/Neck Case 9,9,8:00,2022-01-31,1931,Khha5Vj2aBQ,https://www.youtube.com/watch?v=Khha5Vj2aBQ,"0:00 - Question
0:57 - Answer and Explanation
4:32 - Wrong answers and differential diagnosis"
47,Board Review Cases,Board review — head & neck,Numbered case series,Long-form case review,Neuroradiology Board Review - Head/Neck Case 10,10,9:26,2022-03-18,1276,0dAWVC8A9oA,https://www.youtube.com/watch?v=0dAWVC8A9oA,"0:00 - Question
0:57 - Answer and Explanation
3:33 - Wrong answers and differential diagnosis"
48,Board Review Cases,Board review — head & neck,Numbered case series,Long-form case review,Neuroradiology Board Review - Head/Neck Case 11,11,9:39,2022-08-08,2161,EqCHRQd-ego,https://www.youtube.com/watch?v=EqCHRQd-ego,"0:00 - Question
0:54 - Answer and Explanation
4:55 - Wrong answers and differential diagnosis

Illustration / Image sources:
https://radiologyassistant.nl/head-neck/cervical-node-mapping/cervical-node-map
https://radiologykey.com/laryngocele/"
49,Board Review Cases,Board review — head & neck,Numbered case series,Long-form case review,Neuroradiology Board Review - Head/Neck Case 12,12,7:33,2022-10-15,3006,fJUYFBagNH0,https://www.youtube.com/watch?v=fJUYFBagNH0,"0:00 - Question
0:54 - Answer and Explanation
2:17 - Differential diagnosis and other wrong choices
#neuroradiology 
Chordoma"
50,Board Review Cases,Board review — pediatric,Numbered case series,Long-form case review,Neuroradiology board review - Pediatric Case 1,1,5:55,2020-12-21,7224,t5sgpAzjq9E,https://www.youtube.com/watch?v=t5sgpAzjq9E,"00:00 - Question
00:41- Answer + Explanations
03:55 - 2nd Question
04:24 - 2nd Answer + Explanations
#neuroradiology 
Congenital Malformation: Septo-optic dysplasia"
51,Board Review Cases,Board review — pediatric,Numbered case series,Long-form case review,Neuroradiology Board Review - Pediatric Case 2,2,4:21,2020-12-25,3482,H0cNYbsp-Ag,https://www.youtube.com/watch?v=H0cNYbsp-Ag,"0:00 - Question
0:50 - Answer and Explanation
2:50 - Lipomyelomeningocele vs. Lipomyelocele
3:37 - Wrong answers

Congenital Malformation: Lipomyelomeningocele"
52,Board Review Cases,Board review — pediatric,Numbered case series,Long-form case review,Neuroradiology Board Review - Pediatric Case 3,3,4:26,2021-01-15,2235,I-DSa0kZOvI,https://www.youtube.com/watch?v=I-DSa0kZOvI,"0:00 - Question
0:50 - Answer and explanation
2:11 - Wrong answers

Congenital Malformation: Dandy-walker"
53,Board Review Cases,Board review — pediatric,Numbered case series,Long-form case review,Neuroradiology Board Review - Pediatric Case 4,4,7:00,2021-02-12,3946,IPfchKcJ_98,https://www.youtube.com/watch?v=IPfchKcJ_98,"0:00 - Question
0:56 - Answer and explanation
5:09 - Wrong answers

Congenital Malformation: Alobar holoprosencephaly"
54,Board Review Cases,Board review — pediatric,Numbered case series,Long-form case review,Neuroradiology Board Review - Pediatric Case 5,5,5:15,2021-04-08,1015,CfvOPsTLIAY,https://www.youtube.com/watch?v=CfvOPsTLIAY,"0:00​ - Question
0:58 - Answer and explanation
2:58​ - Wrong answers

Neoplasm: Craniopharyngioma"
55,Board Review Cases,Board review — pediatric,Numbered case series,Long-form case review,Neuroradiology Board Review - Pediatric Case 6,6,11:53,2021-07-03,2334,sw_qHmBqkLg,https://www.youtube.com/watch?v=sw_qHmBqkLg,"0:00 - Question
0:58 - Answer and explanation
5:16 - Wrong answers and differential diagnosis

Lhermitte-Duclos"
56,Board Review Cases,Board review — pediatric,Numbered case series,Long-form case review,Neuroradiology Board Review - Pediatric Case 7,7,8:00,2021-08-06,2022,1noFZlpXDZo,https://www.youtube.com/watch?v=1noFZlpXDZo,"0:00 - Question
1:00 - Answer and Explanation
3:16 - Other associations
3:51 - Wrong answers and differential diagnosis

Congenital Malformation: Agenesis of corpus callosum"
57,Board Review Cases,Board review — pediatric,Numbered case series,Long-form case review,Neuroradiology Board Review - Pediatric Case 8,8,9:56,2021-10-04,2339,JTQMRUg-oR8,https://www.youtube.com/watch?v=JTQMRUg-oR8,"0:00 - Question
0:58 - Answer and Explanation
5:31 - Wrong answers and differential diagnosis"
58,Board Review Cases,Board review — pediatric,Numbered case series,Long-form case review,Neuroradiology Board Review - Pediatric Case 9,9,6:58,2021-11-27,2040,sPJZLlj1EsI,https://www.youtube.com/watch?v=sPJZLlj1EsI,"0:00 - Question
0:56 - Answer and Explanation
3:11 - Wrong answers and differential diagnosis"
59,Board Review Cases,Board review — pediatric,Numbered case series,Long-form case review,Neuroradiology Board Review - Pediatric Case 10,10,7:53,2022-02-18,1148,x4psNfjZK8Q,https://www.youtube.com/watch?v=x4psNfjZK8Q,"0:00 - Question
0:56 - Answer and Explanation
2:41 - Main ddx
3:32 - Other wrong choices and ddx"
60,Board Review Cases,Board review — pediatric,Numbered case series,Long-form case review,Neuroradiology Board Review - Pediatric Case 11,11,8:51,2022-05-01,2167,7A93zqzw1Lk,https://www.youtube.com/watch?v=7A93zqzw1Lk,"0:00 - Question
0:54 - Answer and Explanation
2:21 - Other wrong choices and differential diagnosis"
61,Board Review Cases,Board review — pediatric,Numbered case series,Long-form case review,Neuroradiology Board Review - Pediatric Case 12,12,6:31,2022-09-05,2057,R_4EiXGDLyc,https://www.youtube.com/watch?v=R_4EiXGDLyc,"0:00 - Question
0:54 - Answer and Explanation
2:14 - Other wrong choices and differential diagnosis
#neuroradiology 
Neonatal hypoglycemic encephalopathy"
62,Board Review Cases,Board review — pediatric,Numbered case series,Long-form case review,Neuroradiology Board Review - Pediatric Case 13,13,5:58,2022-10-29,2662,jxEWuMAtNOw,https://www.youtube.com/watch?v=jxEWuMAtNOw,"0:00 - Question
0:59 - Answer and Explanation
2:39 - Differential diagnosis and other wrong choices
#neuroradiology 
ossified cephalohematoma"
63,Board Review Cases,Board review — index,Case navigation,Long-form orientation,Board Review Case List 1 to 40,,2:35,2022-03-18,933,3iKb7Ocd3Xk,https://www.youtube.com/watch?v=3iKb7Ocd3Xk,
64,Core Exam / Buzzword Cases,Buzzword Neuro Core Exam,Individual rapid case,Short case review,Buzzword Neuro Core Exam #1,1,0:50,2023-03-18,2048,tc6SzVbXBdQ,https://www.youtube.com/watch?v=tc6SzVbXBdQ,"Overly simplified and overly generalized question, for quick core exam review only."
65,Core Exam / Buzzword Cases,Buzzword Neuro Core Exam,Individual rapid case,Short case review,Buzzword Neuro Core Exam #2,2,0:42,2023-03-18,2520,Ce21j8TN_k8,https://www.youtube.com/watch?v=Ce21j8TN_k8,"Overly simplified and overly generalized question, for quick core exam review only."
66,Core Exam / Buzzword Cases,Buzzword Neuro Core Exam,Individual rapid case,Short case review,Buzzword Neuro Core Exam #3,3,0:40,2023-03-18,1934,xtwZzk_aov8,https://www.youtube.com/watch?v=xtwZzk_aov8,"Overly simplified and overly generalized question, for quick core exam review only."
67,Core Exam / Buzzword Cases,Buzzword Neuro Core Exam,Individual rapid case,Short case review,Buzzword Neuro Core Exam #4,4,0:45,2023-03-18,1879,klUSQBJcnU8,https://www.youtube.com/watch?v=klUSQBJcnU8,"Overly simplified and overly generalized question, for quick core exam review only."
68,Core Exam / Buzzword Cases,Buzzword Neuro Core Exam,Individual rapid case,Short case review,Buzzword Neuro Core Exam #5,5,0:47,2023-03-18,2089,F7hwAB8E0cQ,https://www.youtube.com/watch?v=F7hwAB8E0cQ,"Overly simplified and overly generalized question, for quick core exam review only."
69,Core Exam / Buzzword Cases,Buzzword Neuro Core Exam,Individual rapid case,Short case review,Buzzword Neuro Core Exam #6,6,0:33,2023-03-18,2565,8xcD0-50xYg,https://www.youtube.com/watch?v=8xcD0-50xYg,"Overly simplified and overly generalized question, for the sole purpose of quick core exam review."
70,Core Exam / Buzzword Cases,Buzzword Neuro Core Exam,Individual rapid case,Short case review,Buzzword Neuro Core Exam #7,7,0:55,2023-03-18,3450,5abKlm_-I_w,https://www.youtube.com/watch?v=5abKlm_-I_w,"Overly simplified and overly generalized question, for the sole purpose of quick core exam review."
71,Core Exam / Buzzword Cases,Buzzword Neuro Core Exam,Individual rapid case,Short case review,Buzzword Neuro Core Exam #8,8,0:44,2023-03-19,2332,6B3UXwzy2FQ,https://www.youtube.com/watch?v=6B3UXwzy2FQ,"Overly simplified and overly generalized question, for the sole purpose of quick core exam review."
72,Core Exam / Buzzword Cases,Buzzword Neuro Core Exam,Individual rapid case,Short case review,Buzzword Neuro Core Exam #9,9,0:44,2023-03-18,2236,HYajR4JFhpA,https://www.youtube.com/watch?v=HYajR4JFhpA,"Overly simplified and overly generalized question, for the sole purpose of quick core exam review."
73,Core Exam / Buzzword Cases,Buzzword Neuro Core Exam,Individual rapid case,Short case review,Buzzword Neuro Core Exam #10,10,0:44,2023-03-18,2072,ePVcROXCXkI,https://www.youtube.com/watch?v=ePVcROXCXkI,"Overly simplified and overly generalized question, for the sole purpose of quick core exam review."
74,Core Exam / Buzzword Cases,Buzzword Neuro Core Exam,Individual rapid case,Short case review,Buzzword Neuro Core Exam #11,11,0:54,2023-03-25,2122,NV1nmK9bURQ,https://www.youtube.com/watch?v=NV1nmK9bURQ,"Overly simplified and overly generalized question, for the sole purpose of quick core exam review."
75,Core Exam / Buzzword Cases,Buzzword Neuro Core Exam,Individual rapid case,Short case review,Buzzword Neuro Core Exam #12,12,0:46,2023-03-30,1804,BPyfmss-MYE,https://www.youtube.com/watch?v=BPyfmss-MYE,"Overly simplified and overly generalized question, for the sole purpose of quick core exam review."
76,Core Exam / Buzzword Cases,Buzzword Neuro Core Exam,Individual rapid case,Short case review,Buzzword Neuro Core Exam #13,13,0:50,2023-03-30,1933,I4JA1CiDjGs,https://www.youtube.com/watch?v=I4JA1CiDjGs,"Overly simplified and overly generalized question, for the sole purpose of quick core exam review."
77,Core Exam / Buzzword Cases,Buzzword Neuro Core Exam,Individual rapid case,Short case review,Buzzword Neuro Core Exam #14,14,0:45,2023-04-08,2154,RChOjbHOfHc,https://www.youtube.com/watch?v=RChOjbHOfHc,"Overly simplified and overly generalized question, for the sole purpose of quick core exam review."
78,Core Exam / Buzzword Cases,Buzzword Neuro Core Exam,Individual rapid case,Short case review,Buzzword Neuro core Exam #15,15,0:51,2023-04-08,1807,Pjy_ap8vIMk,https://www.youtube.com/watch?v=Pjy_ap8vIMk,"Overly simplified and overly generalized question, for the sole purpose of quick core exam review."
79,Core Exam / Buzzword Cases,Buzzword Neuro Core Exam,Individual rapid case,Short case review,Buzzword Neuro core Exam #16,16,0:50,2023-04-09,1753,yIDvjA6yrbs,https://www.youtube.com/watch?v=yIDvjA6yrbs,"Overly simplified and overly generalized question, for the sole purpose of quick core exam review."
80,Core Exam / Buzzword Cases,Buzzword Neuro Core Exam,Individual rapid case,Short case review,Buzzword Neuro core Exam #17,17,0:47,2023-04-09,2296,KWFn8dukOYs,https://www.youtube.com/watch?v=KWFn8dukOYs,"Overly simplified and overly generalized question, for the sole purpose of quick core exam review."
81,Core Exam / Buzzword Cases,Buzzword Neuro Core Exam,Individual rapid case,Short case review,Buzzword Neuro core Exam #18,18,0:52,2023-04-09,2107,-vjo7G-mH0w,https://www.youtube.com/watch?v=-vjo7G-mH0w,"Overly simplified and overly generalized question, for the sole purpose of quick core exam review."
82,Core Exam / Buzzword Cases,Buzzword Neuro Core Exam,Individual rapid case,Short case review,Buzzword Neuro Core Exam #19,19,0:39,2023-04-13,1994,9WoRH5otYU0,https://www.youtube.com/watch?v=9WoRH5otYU0,"Overly simplified and overly generalized question, for the sole purpose of quick core exam review."
83,Core Exam / Buzzword Cases,Buzzword Neuro Core Exam,Individual rapid case,Short case review,Buzzword Neuro Core Exam #20,20,0:51,2023-04-13,1877,nDRoACgqfeo,https://www.youtube.com/watch?v=nDRoACgqfeo,"Overly simplified and overly generalized question, for the sole purpose of quick core exam review."
84,Core Exam / Buzzword Cases,Buzzword Neuro Core Exam,Individual rapid case,Short case review,Buzzword Neuro Core Exam #21,21,0:41,2023-04-22,1657,qyJDvBMgl7w,https://www.youtube.com/watch?v=qyJDvBMgl7w,"Overly simplified and overly generalized question, for the sole purpose of quick core exam review."
85,Core Exam / Buzzword Cases,Buzzword Neuro Core Exam,Individual rapid case,Short case review,Buzzword Neuro Core Exam #22,22,0:42,2023-04-22,1927,pDvzUb-Vu-s,https://www.youtube.com/watch?v=pDvzUb-Vu-s,"Overly simplified and overly generalized question, for the sole purpose of quick core exam review."
86,Core Exam / Buzzword Cases,Buzzword Neuro Core Exam,Individual rapid case,Short case review,Buzzword Neuro Core Exam #23,23,0:47,2023-04-23,1772,NK7COR0aM1s,https://www.youtube.com/watch?v=NK7COR0aM1s,"Overly simplified and overly generalized question, for the sole purpose of quick core exam review."
87,Core Exam / Buzzword Cases,Buzzword Neuro Core Exam,Individual rapid case,Short case review,Buzzword Neuro Core Exam #24,24,0:53,2023-04-23,1963,bm1blcxiPCM,https://www.youtube.com/watch?v=bm1blcxiPCM,"Overly simplified and overly generalized question, for the sole purpose of quick core exam review."
88,Core Exam / Buzzword Cases,Buzzword Neuro Core Exam,Individual rapid case,Short case review,Buzzword Neuro Core Exam #25,25,0:51,2023-04-25,1985,HZXroSJjcvQ,https://www.youtube.com/watch?v=HZXroSJjcvQ,"Overly simplified and overly generalized question, for the sole purpose of quick core exam review."
89,Core Exam / Buzzword Cases,Buzzword Neuro Core Exam,Individual rapid case,Short case review,Buzzword Neuro Core Exam #26,26,0:59,2023-04-26,2307,oB5bzRBQCvU,https://www.youtube.com/watch?v=oB5bzRBQCvU,"Overly simplified and overly generalized question, for the sole purpose of quick core exam review."
90,Core Exam / Buzzword Cases,Buzzword Neuro Core Exam,Individual rapid case,Short case review,Buzzword Neuro Core Exam #27,27,0:56,2023-04-26,1928,PDMZAVzh3BI,https://www.youtube.com/watch?v=PDMZAVzh3BI,"Overly simplified and overly generalized question, for the sole purpose of quick core exam review."
91,Core Exam / Buzzword Cases,Buzzword Neuro Core Exam,Individual rapid case,Short case review,Buzzword Neuro Core Exam #28,28,0:50,2023-04-26,2055,ASSa9K1F4L8,https://www.youtube.com/watch?v=ASSa9K1F4L8,"Overly simplified and overly generalized question, for the sole purpose of quick core exam review."
92,Core Exam / Buzzword Cases,Buzzword Neuro Core Exam,Individual rapid case,Short case review,Buzzword Neuro Core Exam #29,29,0:39,2023-04-27,2127,5NeMTi3EwfM,https://www.youtube.com/watch?v=5NeMTi3EwfM,"Overly simplified and overly generalized question, for the sole purpose of quick core exam review."
93,Core Exam / Buzzword Cases,Buzzword Neuro Core Exam,Individual rapid case,Short case review,Buzzword Neuro Core Exam #30,30,0:43,2023-04-27,2136,ksZeKHcWMX0,https://www.youtube.com/watch?v=ksZeKHcWMX0,"Overly simplified and overly generalized question, for the sole purpose of quick core exam review."
94,Core Exam / Buzzword Cases,Buzzword Neuro Core Exam,Individual rapid case,Short case review,Buzzword Neuro Core Exam #31,31,0:42,2023-04-30,2029,JxfRV_MY0vs,https://www.youtube.com/watch?v=JxfRV_MY0vs,"Overly simplified and overly generalized question, for the sole purpose of quick core exam review."
95,Core Exam / Buzzword Cases,Buzzword Neuro Core Exam,Individual rapid case,Short case review,Buzzword Neuro Core Exam #32,32,0:48,2023-04-30,2063,KK3sh5cfebw,https://www.youtube.com/watch?v=KK3sh5cfebw,"Overly simplified and overly generalized question, for the sole purpose of quick core exam review."
96,Core Exam / Buzzword Cases,Buzzword Neuro Core Exam,Individual rapid case,Short case review,Buzzword Neuro Core Exam #33,33,0:54,2023-05-01,2174,0_1oaEhlXzc,https://www.youtube.com/watch?v=0_1oaEhlXzc,"Overly simplified and overly generalized question, for the sole purpose of quick core exam review."
97,Core Exam / Buzzword Cases,Buzzword Neuro Core Exam,Individual rapid case,Short case review,Buzzword Neuro Core Exam #34,34,0:38,2023-05-05,2304,t04_Pl4eoCI,https://www.youtube.com/watch?v=t04_Pl4eoCI,"Overly simplified and overly generalized question, for the sole purpose of quick core exam review."
98,Core Exam / Buzzword Cases,Buzzword Neuro Core Exam,Individual rapid case,Short case review,Buzzword Neuro Core Exam #35,35,0:40,2023-05-05,2426,NpxAql_5RvQ,https://www.youtube.com/watch?v=NpxAql_5RvQ,"Overly simplified and overly generalized question, for the sole purpose of quick core exam review."
99,Core Exam / Buzzword Cases,Buzzword Neuro Core Exam,Individual rapid case,Short case review,Buzzword Neuro Core Exam #36,36,0:44,2023-05-12,2294,XLaCleORKqQ,https://www.youtube.com/watch?v=XLaCleORKqQ,"Overly simplified and overly generalized question, for the sole purpose of quick core exam review."
100,Core Exam / Buzzword Cases,Buzzword Neuro Core Exam,Individual rapid case,Short case review,Buzzword Neuro Core Exam #37,37,0:43,2023-05-12,2983,NF0z5jPTD9M,https://www.youtube.com/watch?v=NF0z5jPTD9M,"Overly simplified and overly generalized question, for the sole purpose of quick core exam review."
101,Core Exam / Buzzword Cases,Buzzword Neuro Core Exam,Individual rapid case,Short case review,Buzzword Neuro Core Exam #38,38,0:47,2023-05-12,4281,ueJMYyHYWuk,https://www.youtube.com/watch?v=ueJMYyHYWuk,"Overly simplified and overly generalized question, for the sole purpose of quick core exam review."
102,Core Exam / Buzzword Cases,Buzzword Neuro Core Exam,Individual rapid case,Short case review,Buzzword Core Exam #39,39,0:42,2023-05-18,3793,3DUaUVqQg3s,https://www.youtube.com/watch?v=3DUaUVqQg3s,"Overly simplified and overly generalized question, for the sole purpose of quick core exam review."
103,Core Exam / Buzzword Cases,Buzzword Neuro Core Exam,Individual rapid case,Short case review,Buzzword Neuro Core Exam #40,40,0:44,2023-05-18,4260,tK4Bg6MwnFA,https://www.youtube.com/watch?v=tK4Bg6MwnFA,"Overly simplified and overly generalized question, for the sole purpose of quick core exam review."
104,Core Exam / Buzzword Cases,Buzzword Neuro Core Exam,Individual rapid case,Short case review,Buzzword Neuro Core Exam #41,41,0:49,2024-02-11,2369,v9v9UdmoZiA,https://www.youtube.com/watch?v=v9v9UdmoZiA,"Overly simplified and overly generalized question, for the sole purpose of quick core exam review."
105,Core Exam / Buzzword Cases,Buzzword Neuro Core Exam,Individual rapid case,Short case review,Buzzword Neuro Core Exam #42,42,0:51,2024-02-11,2096,msbpmKbHnYI,https://www.youtube.com/watch?v=msbpmKbHnYI,"Overly simplified and overly generalized question, for the sole purpose of quick core exam review."
106,Core Exam / Buzzword Cases,Buzzword Neuro Core Exam,Individual rapid case,Short case review,Buzzword Neuro Core Exam #43,43,0:42,2024-03-02,1610,cMxi5u7o8CY,https://www.youtube.com/watch?v=cMxi5u7o8CY,"Overly simplified and overly generalized question, for the sole purpose of quick core exam review."
107,Core Exam / Buzzword Cases,Buzzword Neuro Core Exam,Individual rapid case,Short case review,Buzzword Neuro Core Exam #44,44,0:40,2024-03-02,1743,-KQWQfhqJgs,https://www.youtube.com/watch?v=-KQWQfhqJgs,"Overly simplified and overly generalized question, for the sole purpose of quick core exam review."
108,Core Exam / Buzzword Cases,Buzzword Neuro Core Exam,Individual rapid case,Short case review,Buzzword Neuro Core Exam #45,45,0:42,2024-03-02,1757,qOqJsma0aOo,https://www.youtube.com/watch?v=qOqJsma0aOo,"Overly simplified and overly generalized question, for the sole purpose of quick core exam review."
109,Core Exam / Buzzword Cases,Buzzword Neuro Core Exam,Individual rapid case,Short case review,Buzzword Neuro Core Exam #46,46,0:52,2024-03-03,1413,ADzWCMWeDpU,https://www.youtube.com/watch?v=ADzWCMWeDpU,"Overly simplified and overly generalized question, for the sole purpose of quick core exam review."
110,Core Exam / Buzzword Cases,Buzzword Neuro Core Exam,Individual rapid case,Short case review,Buzzword Neuro Core Exam #47,47,0:55,2024-03-03,1477,7w3MRPhoNNg,https://www.youtube.com/watch?v=7w3MRPhoNNg,"Overly simplified and overly generalized question, for the sole purpose of quick core exam review."
111,Core Exam / Buzzword Cases,Buzzword Neuro Core Exam,Individual rapid case,Short case review,Buzzword Neuro Core Exam #48,48,1:00,2024-03-03,2704,r46o6ox5h0c,https://www.youtube.com/watch?v=r46o6ox5h0c,"Overly simplified and overly generalized question, for the sole purpose of quick core exam review."
112,Core Exam / Buzzword Cases,Buzzword Neuro Core Exam,Individual rapid case,Short case review,Buzzword Neuro Core Exam #49,49,0:56,2024-03-03,1742,5GcZCEGJiQw,https://www.youtube.com/watch?v=5GcZCEGJiQw,"Overly simplified and overly generalized question, for the sole purpose of quick core exam review."
113,Core Exam / Buzzword Cases,Buzzword Neuro Core Exam,Individual rapid case,Short case review,Buzzword Neuro Core Exam #50,50,0:57,2024-03-03,1773,nSFVbZpBrmY,https://www.youtube.com/watch?v=nSFVbZpBrmY,"Overly simplified and overly generalized question, for the sole purpose of quick core exam review."
114,Core Exam / Buzzword Cases,Buzzword Neuro Core Exam,Individual rapid case,Short case review,Buzzword Neuro Core Exam #51,51,0:53,2024-03-09,2232,GqNkHuKufHA,https://www.youtube.com/watch?v=GqNkHuKufHA,"Overly simplified and overly generalized question, for the sole purpose of quick core exam review."
115,Core Exam / Buzzword Cases,Buzzword Neuro Core Exam,Individual rapid case,Short case review,Buzzword Neuro Core Exam #52,52,0:53,2024-03-09,1979,Lrk6KU5OXGc,https://www.youtube.com/watch?v=Lrk6KU5OXGc,"Overly simplified and overly generalized question, for the sole purpose of quick core exam review."
116,Core Exam / Buzzword Cases,Buzzword Neuro Core Exam,Individual rapid case,Short case review,Buzzword Neuro Core Exam #53,53,0:53,2024-03-09,1886,5L2jDJFLmls,https://www.youtube.com/watch?v=5L2jDJFLmls,"Overly simplified and overly generalized question, for the sole purpose of quick core exam review."
117,Core Exam / Buzzword Cases,Buzzword Neuro Core Exam,Individual rapid case,Short case review,Buzzword Neuro Core Exam #54,54,0:48,2024-03-23,2030,2iB5vD8xhes,https://www.youtube.com/watch?v=2iB5vD8xhes,"Overly simplified and overly generalized question, for the sole purpose of quick core exam review."
118,Core Exam / Buzzword Cases,Buzzword Neuro Core Exam,Individual rapid case,Short case review,Buzzword Neuro Core Exam #55,55,1:00,2024-03-23,2323,X7irRU8ePLo,https://www.youtube.com/watch?v=X7irRU8ePLo,"Overly simplified and overly generalized question, for the sole purpose of quick core exam review."
119,Core Exam / Buzzword Cases,Buzzword Neuro Core Exam,Individual rapid case,Short case review,Buzzword Neuro Core Exam #56,56,0:46,2024-03-23,2235,dEsAEoA1u3U,https://www.youtube.com/watch?v=dEsAEoA1u3U,"Overly simplified and overly generalized question, for the sole purpose of quick core exam review."
120,Core Exam / Buzzword Cases,Buzzword Neuro Core Exam,Individual rapid case,Short case review,Buzzword Neuro Core Exam #57,57,0:54,2024-04-27,1363,MFxhQXLVuk4,https://www.youtube.com/watch?v=MFxhQXLVuk4,"Overly simplified and overly generalized question, for the sole purpose of quick core exam review."
121,Core Exam / Buzzword Cases,Buzzword Neuro Core Exam,Individual rapid case,Short case review,Buzzword Neuro Core Exam #58,58,0:49,2024-04-27,1183,oF-KQXoObJw,https://www.youtube.com/watch?v=oF-KQXoObJw,"Overly simplified and overly generalized question, for the sole purpose of quick core exam review."
122,Core Exam / Buzzword Cases,Buzzword Neuro Core Exam,Individual rapid case,Short case review,Buzzword Neuro Core Exam #59,59,0:47,2024-04-27,1338,MXtBgVJiuUk,https://www.youtube.com/watch?v=MXtBgVJiuUk,"Overly simplified and overly generalized question, for the sole purpose of quick core exam review."
123,Core Exam / Buzzword Cases,Buzzword Neuro Core Exam,Individual rapid case,Short case review,Buzzword Neuro Core Exam #60,60,0:52,2024-04-28,1155,z0bk14iBIy8,https://www.youtube.com/watch?v=z0bk14iBIy8,"Overly simplified and overly generalized question, for the sole purpose of quick core exam review."
124,Core Exam / Buzzword Cases,Buzzword Neuro Core Exam,Individual rapid case,Short case review,Buzzword Neuro Core Exam #61,61,0:53,2024-04-28,1401,u3XYEw_kPFQ,https://www.youtube.com/watch?v=u3XYEw_kPFQ,"Overly simplified and overly generalized question, for the sole purpose of quick core exam review."
125,Core Exam / Buzzword Cases,Buzzword Neuro Core Exam,Individual rapid case,Short case review,Buzzword Neuro Core Exam #62,62,0:52,2024-04-28,1495,FXjl_YnBGmQ,https://www.youtube.com/watch?v=FXjl_YnBGmQ,"Overly simplified and overly generalized question, for the sole purpose of quick core exam review."
126,Core Exam / Buzzword Cases,Buzzword Neuro Core Exam,Individual rapid case,Short case review,Buzzword Neuro Core Exam #63,63,0:46,2024-05-03,1147,fuM6nj5QT9o,https://www.youtube.com/watch?v=fuM6nj5QT9o,"Overly simplified and overly generalized question, for the sole purpose of quick core exam review."
127,Core Exam / Buzzword Cases,Buzzword Neuro Core Exam,Individual rapid case,Short case review,Buzzword Neuro Core Exam #64,64,0:51,2024-05-03,1441,NT7hxtft3b8,https://www.youtube.com/watch?v=NT7hxtft3b8,"Overly simplified and overly generalized question, for the sole purpose of quick core exam review."
128,Core Exam / Buzzword Cases,Buzzword Neuro Core Exam,Individual rapid case,Short case review,Buzzword Neuro Core Exam #65,65,0:50,2024-05-03,1926,lhjJuuK8YM0,https://www.youtube.com/watch?v=lhjJuuK8YM0,"Overly simplified and overly generalized question, for the sole purpose of quick core exam review."
129,Core Exam / Buzzword Cases,Buzzword Neuro Core Exam,Individual rapid case,Short case review,Buzzword Neuro Core Exam #66,66,0:59,2024-05-04,1596,SVUSPbg2kP4,https://www.youtube.com/watch?v=SVUSPbg2kP4,"Overly simplified and overly generalized question, for the sole purpose of quick core exam review."
130,Core Exam / Buzzword Cases,Buzzword Neuro Core Exam,Individual rapid case,Short case review,Buzzword Neuro Core Exam #67,67,0:54,2024-05-04,1337,FH0YSqnGAxo,https://www.youtube.com/watch?v=FH0YSqnGAxo,"Overly simplified and overly generalized question, for the sole purpose of quick core exam review."
131,Core Exam / Buzzword Cases,Buzzword Neuro Core Exam,Individual rapid case,Short case review,Buzzword Neuro Core Exam #68,68,0:52,2024-05-04,1769,FhsQNci8dWQ,https://www.youtube.com/watch?v=FhsQNci8dWQ,"Overly simplified and overly generalized question, for the sole purpose of quick core exam review."
132,Core Exam / Buzzword Cases,Buzzword Neuro Core Exam,Individual rapid case,Short case review,Buzzword Neuro Core Exam #69,69,0:49,2024-05-04,1587,5gkbrgjWFZA,https://www.youtube.com/watch?v=5gkbrgjWFZA,"Overly simplified and overly generalized question, for the sole purpose of quick core exam review."
133,Core Exam / Buzzword Cases,Buzzword Neuro Core Exam,Individual rapid case,Short case review,Buzzword Neuro Core Exam #70,70,0:59,2024-05-16,1327,ugiXz9hYj2c,https://www.youtube.com/watch?v=ugiXz9hYj2c,"Overly simplified and overly generalized question, for the sole purpose of quick core exam review."
134,Core Exam / Buzzword Cases,Buzzword Neuro Core Exam,Individual rapid case,Short case review,Buzzword Neuro Core Exam #71,71,0:51,2024-05-09,2019,sEmsmau34JE,https://www.youtube.com/watch?v=sEmsmau34JE,"Overly simplified and overly generalized question, for the sole purpose of quick core exam review."
135,Core Exam / Buzzword Cases,Buzzword Neuro Core Exam,Individual rapid case,Short case review,Buzzword Neuro Core Exam #72,72,0:54,2024-05-09,2090,j3YAKIWZQMA,https://www.youtube.com/watch?v=j3YAKIWZQMA,"Overly simplified and overly generalized question, for the sole purpose of quick core exam review."
136,Core Exam / Buzzword Cases,Buzzword Neuro Core Exam,Individual rapid case,Short case review,Buzzword Neuro Core Exam #73,73,0:57,2024-05-09,1696,NnOYQ_CiTXQ,https://www.youtube.com/watch?v=NnOYQ_CiTXQ,"Overly simplified and overly generalized question, for the sole purpose of quick core exam review."
137,Core Exam / Buzzword Cases,Buzzword Neuro Core Exam,Individual rapid case,Short case review,Buzzword Neuro Core Exam #74,74,0:57,2024-05-09,1759,3z9rRwx1QTY,https://www.youtube.com/watch?v=3z9rRwx1QTY,"Overly simplified and overly generalized question, for the sole purpose of quick core exam review."
138,Core Exam / Buzzword Cases,Buzzword Neuro Core Exam,Individual rapid case,Short case review,Buzzword Neuro Core Exam #75,75,0:49,2024-05-16,1447,UcBA8lRKLRk,https://www.youtube.com/watch?v=UcBA8lRKLRk,"Overly simplified and overly generalized question, for the sole purpose of quick core exam review."
139,Core Exam / Buzzword Cases,Buzzword Neuro Core Exam,Individual rapid case,Short case review,Buzzword Neuro Core Exam #76,76,0:53,2024-05-16,1738,YvH83rx9mwo,https://www.youtube.com/watch?v=YvH83rx9mwo,"Overly simplified and overly generalized question, for the sole purpose of quick core exam review."
140,Core Exam / Buzzword Cases,Buzzword Neuro Core Exam,Individual rapid case,Short case review,Buzzword Neuro Core Exam #77,77,0:49,2024-05-18,1814,2A1Y6CEea1o,https://www.youtube.com/watch?v=2A1Y6CEea1o,"Overly simplified and overly generalized question, for the sole purpose of quick core exam review."
141,Core Exam / Buzzword Cases,Buzzword Neuro Core Exam,Individual rapid case,Short case review,Buzzword Neuro Core Exam #78,78,0:48,2024-05-18,1559,UkEfhDvW338,https://www.youtube.com/watch?v=UkEfhDvW338,"Overly simplified and overly generalized question, for the sole purpose of quick core exam review."
142,Core Exam / Buzzword Cases,Buzzword Neuro Core Exam,Individual rapid case,Short case review,Buzzword Neuro Core Exam #79,79,0:49,2024-05-18,1744,Y3wBg8EBaDU,https://www.youtube.com/watch?v=Y3wBg8EBaDU,"Overly simplified and overly generalized question, for the sole purpose of quick core exam review."
143,Core Exam / Buzzword Cases,Buzzword Neuro Core Exam,Individual rapid case,Short case review,Buzzword Neuro Core Exam #80,80,0:51,2024-05-18,1844,BGsReGO5tpk,https://www.youtube.com/watch?v=BGsReGO5tpk,"Overly simplified and overly generalized question, for the sole purpose of quick core exam review."
144,Core Exam / Buzzword Cases,Buzzword Neuro Core Exam,Individual rapid case,Short case review,Buzzword Neuro Core Exam #81,81,0:47,2024-05-19,1875,0XSNdM4cFOk,https://www.youtube.com/watch?v=0XSNdM4cFOk,"Overly simplified and overly generalized question, for the sole purpose of quick core exam review."
145,Core Exam / Buzzword Cases,Buzzword Neuro Core Exam,Individual rapid case,Short case review,Buzzword Neuro Core Exam #82,82,0:52,2024-05-19,2526,p7xtcOzZvQU,https://www.youtube.com/watch?v=p7xtcOzZvQU,"Overly simplified and overly generalized question, for the sole purpose of quick core exam review."
146,Core Exam / Buzzword Cases,Buzzword Neuro Core Exam,Individual rapid case,Short case review,Buzzword Neuro Core Exam #83,83,0:53,2024-05-19,3656,olr3XdNN-cw,https://www.youtube.com/watch?v=olr3XdNN-cw,"Overly simplified and overly generalized question, for the sole purpose of quick core exam review."
147,Core Exam / Buzzword Cases,Buzzword Neuro Core Exam,Individual rapid case,Short case review,Buzzword Neuro Core Exam #84,84,0:59,2024-05-19,3432,fVZC8_YCPiE,https://www.youtube.com/watch?v=fVZC8_YCPiE,"Overly simplified and overly generalized question, for the sole purpose of quick core exam review."
148,Core Exam / Buzzword Cases,Buzzword Neuro Core Exam,Individual rapid case,Short case review,Buzzword Neuro Core Exam #85,85,0:52,2024-09-15,1832,C_nFAg5ne9I,https://www.youtube.com/watch?v=C_nFAg5ne9I,"Overly simplified and overly generalized question, for the sole purpose of quick core exam review."
149,Core Exam / Buzzword Cases,Buzzword Neuro Core Exam,Individual rapid case,Short case review,Buzzword Neuro Core Exam #86,86,0:58,2024-09-19,1938,WOZPL0ek-EQ,https://www.youtube.com/watch?v=WOZPL0ek-EQ,"Overly simplified and overly generalized question, for the sole purpose of quick core exam review."
150,Core Exam / Buzzword Cases,Buzzword Neuro Core Exam,Individual rapid case,Short case review,Buzzword Neuro Core Exam #87,87,0:59,2024-09-20,1812,X6klT5HHXmE,https://www.youtube.com/watch?v=X6klT5HHXmE,"Overly simplified and overly generalized question, for the sole purpose of quick core exam review."
151,Core Exam / Buzzword Cases,Buzzword Neuro Core Exam,Individual rapid case,Short case review,Buzzword Neuro Core Exam Case #88,88,0:57,2024-09-26,1543,T5fnMXu1Ok0,https://www.youtube.com/watch?v=T5fnMXu1Ok0,"Overly simplified and overly generalized question, for the sole purpose of quick core exam review."
152,Core Exam / Buzzword Cases,Buzzword Neuro Core Exam,Individual rapid case,Short case review,Buzzword Neuro Core Exam Case #89,89,0:48,2024-09-26,1589,SQQ-m0lYW2Y,https://www.youtube.com/watch?v=SQQ-m0lYW2Y,"Overly simplified and overly generalized question, for the sole purpose of quick core exam review."
153,Core Exam / Buzzword Cases,Buzzword Neuro Core Exam,Individual rapid case,Short case review,Buzzword Neuro Core Exam Case #90,90,1:00,2024-09-26,1988,WQDL9TT6dps,https://www.youtube.com/watch?v=WQDL9TT6dps,"Overly simplified and overly generalized question, for the sole purpose of quick core exam review."
154,Core Exam / Buzzword Cases,Buzzword Neuro Core Exam,Individual rapid case,Short case review,Buzzword Neuro Core Exam Case #91,91,0:55,2024-10-05,1658,GGNy-Sk1-Yc,https://www.youtube.com/watch?v=GGNy-Sk1-Yc,"Overly simplified and overly generalized question, for the sole purpose of quick core exam review."
155,Core Exam / Buzzword Cases,Buzzword Neuro Core Exam,Individual rapid case,Short case review,Buzzword Neuro Core Exam Case #92,92,0:58,2024-10-05,1591,3FeneQQse3w,https://www.youtube.com/watch?v=3FeneQQse3w,"Overly simplified and overly generalized question, for the sole purpose of quick core exam review."
156,Core Exam / Buzzword Cases,Buzzword Neuro Core Exam,Individual rapid case,Short case review,Buzzword Neuro Core Exam Case #93,93,0:57,2024-10-05,1839,x8pBlv4yuf0,https://www.youtube.com/watch?v=x8pBlv4yuf0,"Overly simplified and overly generalized question, for the sole purpose of quick core exam review."
157,Core Exam / Buzzword Cases,Buzzword Neuro Core Exam,Individual rapid case,Short case review,Buzzword Neuro Core Exam Case #94,94,0:56,2024-10-05,2312,YzqEpEEKZb4,https://www.youtube.com/watch?v=YzqEpEEKZb4,"Overly simplified and overly generalized question, for the sole purpose of quick core exam review."
158,Core Exam / Buzzword Cases,Buzzword Neuro Core Exam,Individual rapid case,Short case review,Buzzword Neuro Core Exam Case #95,95,0:46,2024-11-16,1412,wv_tuA-zFKE,https://www.youtube.com/watch?v=wv_tuA-zFKE,"Overly simplified and overly generalized question, for the sole purpose of quick core exam review."
159,Core Exam / Buzzword Cases,Buzzword Neuro Core Exam,Individual rapid case,Short case review,Buzzword Neuro Core Exam Case #96,96,0:57,2024-11-16,1598,zJNCo6WxTQg,https://www.youtube.com/watch?v=zJNCo6WxTQg,"Overly simplified and overly generalized question, for the sole purpose of quick core exam review."
160,Core Exam / Buzzword Cases,Buzzword Neuro Core Exam,Individual rapid case,Short case review,Buzzword Neuro Core Exam Case #97,97,1:00,2024-11-16,1891,HXeV0Mxx5NE,https://www.youtube.com/watch?v=HXeV0Mxx5NE,"Overly simplified and overly generalized question, for the sole purpose of quick core exam review."
161,Core Exam / Buzzword Cases,Buzzword Neuro Core Exam,Individual rapid case,Short case review,Buzzword Neuro Core Exam Case #98,98,0:54,2024-11-16,1903,8644qeSRIjA,https://www.youtube.com/watch?v=8644qeSRIjA,"Overly simplified and overly generalized question, for the sole purpose of quick core exam review."
162,Core Exam / Buzzword Cases,Buzzword Neuro Core Exam,Individual rapid case,Short case review,Buzzword Neuro Core Exam Case #99,99,0:51,2024-11-24,1669,4Yz9eI4NgvA,https://www.youtube.com/watch?v=4Yz9eI4NgvA,"Overly simplified and overly generalized question, for the sole purpose of quick core exam review."
163,Core Exam / Buzzword Cases,Buzzword Neuro Core Exam,Individual rapid case,Short case review,Buzzword Neuro Core Exam Case #100,100,1:00,2024-11-24,1737,vDXpwQeKav0,https://www.youtube.com/watch?v=vDXpwQeKav0,"Overly simplified and overly generalized question, for the sole purpose of quick core exam review."
164,Core Exam / Buzzword Cases,Buzzword Neuro Core Exam,Individual rapid case,Short case review,Buzzword Neuro Core Exam Case #101,101,0:56,2024-11-24,1966,3MtfojP5LS0,https://www.youtube.com/watch?v=3MtfojP5LS0,"Overly simplified and overly generalized question, for the sole purpose of quick core exam review."
165,Core Exam / Buzzword Cases,Buzzword Neuro Core Exam,Individual rapid case,Short case review,Buzzword Neuro Core Exam Case #102,102,0:54,2024-11-24,2196,BQneg7Cv-Y0,https://www.youtube.com/watch?v=BQneg7Cv-Y0,"Overly simplified and overly generalized question, for the sole purpose of quick core exam review."
166,Core Exam / Buzzword Cases,Buzzword Neuro Core Exam,Individual rapid case,Short case review,Buzzword Neuro Core Exam Case #103,103,1:00,2025-03-16,1642,dK9P1K9kHkQ,https://www.youtube.com/watch?v=dK9P1K9kHkQ,"Overly simplified and overly generalized question, for the sole purpose of quick core exam review."
167,Core Exam / Buzzword Cases,Buzzword Neuro Core Exam,Individual rapid case,Short case review,Buzzword Neuro Core Exam Case #104,104,0:55,2025-03-16,2002,o6DJqBK7D88,https://www.youtube.com/watch?v=o6DJqBK7D88,"Overly simplified and overly generalized question, for the sole purpose of quick core exam review."
168,Core Exam / Buzzword Cases,Buzzword Neuro Core Exam,Individual rapid case,Short case review,buzzword Neuro Core Exam Case #105,105,0:53,2025-03-16,2250,sJMZBmJMGv0,https://www.youtube.com/watch?v=sJMZBmJMGv0,"Overly simplified and overly generalized question, for the sole purpose of quick core exam review."
169,Core Exam / Buzzword Cases,Buzzword Neuro Core Exam,Individual rapid case,Short case review,buzzword Neuro Core Exam Case #106,106,0:59,2025-03-30,3234,uSJ-0o1T9-0,https://www.youtube.com/watch?v=uSJ-0o1T9-0,"Overly simplified and overly generalized question, for the sole purpose of quick core exam review."
170,Core Exam / Buzzword Cases,Buzzword Neuro Core Exam,Individual rapid case,Short case review,buzzword Neuro Core Exam Case #107,107,1:00,2025-03-30,3163,STaBVt9Faxc,https://www.youtube.com/watch?v=STaBVt9Faxc,"Overly simplified and overly generalized question, for the sole purpose of quick core exam review."
171,Core Exam / Buzzword Cases,Buzzword Neuro Core Exam,Individual rapid case,Short case review,buzzword Neuro Core Exam Case #108,108,0:57,2025-03-30,4312,Fh_lhUBhNeM,https://www.youtube.com/watch?v=Fh_lhUBhNeM,"Overly simplified and overly generalized question, for the sole purpose of quick core exam review."
172,Core Exam / Buzzword Cases,Buzzword Neuro Core Exam,Individual rapid case,Short case review,buzzword Neuro Core Exam Case #109,109,0:59,2026-04-04,1502,9DvoEzE1SfU,https://www.youtube.com/watch?v=9DvoEzE1SfU,"Overly simplified and overly generalized question, for the sole purpose of quick core exam review."
173,Rapid Review Compilations,Rapid board review — case compilations,Themed or sequential compilation,Rapid compilation,Rapid Board Review Cases 127-133 Intraventricular Masses,127,0:46,2026-05-12,1263,7PtQBvqH2Ls,https://www.youtube.com/watch?v=7PtQBvqH2Ls,Low educational value. To test your muscle memory for those who are studying for the board exam.
174,Rapid Review Compilations,Rapid board review — case compilations,Themed or sequential compilation,Rapid compilation,(Too) Rapid Board Review Cases 120-26 TSC findings,120,0:58,2024-12-21,2933,OF8V2Oddb1Y,https://www.youtube.com/watch?v=OF8V2Oddb1Y,No real educational value. To test your muscle memory for those who are studying for the board exam.
175,Rapid Review Compilations,Rapid board review — case compilations,Themed or sequential compilation,Rapid compilation,(Too) Rapid Board Review Cases 113-119 NF1 findings,113,0:47,2024-11-09,2350,zzNA32J8YV8,https://www.youtube.com/watch?v=zzNA32J8YV8,No real educational value. To test your muscle memory for those who are studying for the board exam.
176,Rapid Review Compilations,Rapid board review — case compilations,Themed or sequential compilation,Rapid compilation,(Too) Rapid Board Review - Cases 1-7,1,0:46,2022-04-15,12642,KyKeqBNptBk,https://www.youtube.com/watch?v=KyKeqBNptBk,No real educational value. To test your muscle memory for those who are studying for the board exam.
177,Rapid Review Compilations,Rapid board review — case compilations,Themed or sequential compilation,Rapid compilation,Rapid Board Review - Cases 1-7 (with Clues),1,0:59,2022-07-31,3570,RqGYB_yioWo,https://www.youtube.com/watch?v=RqGYB_yioWo,"7 sec per case. Test yourself on the same version without clues first. If you passed it easily, then this version is not useful.  NOTE: this is NOT for learning, but a quick test for those who are studying for board exam."
178,Rapid Review Compilations,Rapid board review — case compilations,Themed or sequential compilation,Rapid compilation,(Too) Rapid Board Review - Cases 8-14,8,0:49,2022-04-15,3994,VCTKvV4Q9Z0,https://www.youtube.com/watch?v=VCTKvV4Q9Z0,No real educational value. To test your muscle memory for those who are studying for the board exam.
179,Rapid Review Compilations,Rapid board review — case compilations,Themed or sequential compilation,Rapid compilation,Rapid Board Review - Cases 8-14 (with Clues),8,1:00,2022-07-31,3182,FLExcQhjlAI,https://www.youtube.com/watch?v=FLExcQhjlAI,"7 sec per case. Test yourself on the same version without clues first. If you passed it easily, then this version is not useful.  NOTE: this is NOT for learning, but a quick test for those who are studying for board exam."
180,Rapid Review Compilations,Rapid board review — case compilations,Themed or sequential compilation,Rapid compilation,(Too) Rapid Board Review - Cases 15-21,15,0:49,2022-05-02,5616,Bye9QxyoBFM,https://www.youtube.com/watch?v=Bye9QxyoBFM,No real educational value. To test your muscle memory for those who are studying for the board exam.
181,Rapid Review Compilations,Rapid board review — case compilations,Themed or sequential compilation,Rapid compilation,Rapid Board Review - Cases 15-21 (with Clues),15,1:00,2022-07-31,2257,uc4qOekWbvg,https://www.youtube.com/watch?v=uc4qOekWbvg,"7 sec per case. Test yourself on the same version without clues first. If you passed it easily, then this version is not useful.  NOTE: this is NOT for learning, but a quick test for those who are studying for board exam."
182,Rapid Review Compilations,Rapid board review — case compilations,Themed or sequential compilation,Rapid compilation,(Too) Rapid Board Review - Cases 22-28,22,0:49,2022-05-05,6871,7VWm8QIkQJs,https://www.youtube.com/watch?v=7VWm8QIkQJs,No real educational value. To test your muscle memory for those who are studying for the board exam.
183,Rapid Review Compilations,Rapid board review — case compilations,Themed or sequential compilation,Rapid compilation,Rapid Board Review - Cases 22-28 (with Clues),22,1:00,2022-07-31,4159,7ZcUeZTVk9c,https://www.youtube.com/watch?v=7ZcUeZTVk9c,"7 sec per case. Test yourself on the same version without clues first. If you passed it easily, then this version is not useful.  NOTE: this is NOT for learning, but a quick test for those who are studying for board exam."
184,Rapid Review Compilations,Rapid board review — case compilations,Themed or sequential compilation,Rapid compilation,Rapid Board Review - Cases 22-28 (with Clues),22,1:00,2022-07-31,3314,YkVZbOEy-9I,https://www.youtube.com/watch?v=YkVZbOEy-9I,"7 sec per case. Test yourself on the same version without clues first. If you passed it easily, then this version is not useful.  NOTE: this is NOT for learning, but a quick test for those who are studying for board exam."
185,Rapid Review Compilations,Rapid board review — case compilations,Themed or sequential compilation,Rapid compilation,(Too) Rapid Board Review - Cases 29-35,29,0:49,2022-05-12,3163,BxOuoiid2uo,https://www.youtube.com/watch?v=BxOuoiid2uo,No real educational value. To test your muscle memory for those who are studying for the board exam.
186,Rapid Review Compilations,Rapid board review — case compilations,Themed or sequential compilation,Rapid compilation,(Too) Rapid Neuroradiology Board Review - Cases 34-49,34,0:49,2022-07-23,5257,BzyduBxS3SU,https://www.youtube.com/watch?v=BzyduBxS3SU,No real educational value. To test your muscle memory for those who are studying for the board exam.
187,Rapid Review Compilations,Rapid board review — case compilations,Themed or sequential compilation,Rapid compilation,(Too) Rapid Board Review - Cases 36-42,36,0:48,2022-07-17,3686,_b88VXMh3z4,https://www.youtube.com/watch?v=_b88VXMh3z4,No real educational value. To test your muscle memory for those who are studying for the board exam.
188,Rapid Review Compilations,Rapid board review — case compilations,Themed or sequential compilation,Rapid compilation,Rapid Board Review - Cases 36-42 (with Clues),36,1:00,2022-07-31,4074,YrYduDuca9w,https://www.youtube.com/watch?v=YrYduDuca9w,"7 sec per case. Test yourself on the same version without clues first. If you passed it easily, then this version is not useful.  NOTE: this is NOT for learning, but a quick test for those who are studying for board exam."
189,Rapid Review Compilations,Rapid board review — case compilations,Themed or sequential compilation,Rapid compilation,Rapid Board Review - Cases 43-49 (with Clues),43,1:00,2022-07-31,5517,ksr62P25sw4,https://www.youtube.com/watch?v=ksr62P25sw4,"7 sec per case. Test yourself on the same version without clues first. If you passed it easily, then this version is not useful.  NOTE: this is NOT for learning, but a quick test for those who are studying for board exam."
190,Rapid Review Compilations,Rapid board review — case compilations,Themed or sequential compilation,Rapid compilation,(Too) Rapid Neuro Board Review - Cases 50-56,50,0:49,2023-02-16,5516,ch-V5DtbBGw,https://www.youtube.com/watch?v=ch-V5DtbBGw,No real educational value. To test your muscle memory for those who are studying for the board exam.
191,Rapid Review Compilations,Rapid board review — case compilations,Themed or sequential compilation,Rapid compilation,Rapid Board Review - Cases 50-56 (with Clues),50,1:00,2023-02-16,3120,vVlLoas-yto,https://www.youtube.com/watch?v=vVlLoas-yto,"7 sec per case. Test yourself on the same version without clues first. If you passed it easily, then this version is not useful.  NOTE: this is NOT for learning, but a quick test for those who are studying for board exam."
192,Rapid Review Compilations,Rapid board review — case compilations,Themed or sequential compilation,Rapid compilation,(Too) Rapid Board Review - Cases 57-63,57,0:43,2024-03-23,4085,DZEbBStcIoc,https://www.youtube.com/watch?v=DZEbBStcIoc,No real educational value. To test your muscle memory for those who are studying for the board exam.
193,Rapid Review Compilations,Rapid board review — case compilations,Themed or sequential compilation,Rapid compilation,(Too) Rapid Board Review - Cases 64-70,64,0:49,2024-05-03,2186,Z6pjULHxn2Y,https://www.youtube.com/watch?v=Z6pjULHxn2Y,No real educational value. To test your muscle memory for those who are studying for the board exam.
194,Rapid Review Compilations,Rapid board review — case compilations,Themed or sequential compilation,Rapid compilation,(Too) Rapid Board Review - Cases 71-77,71,0:45,2024-05-04,2281,1TrOGGk2zsg,https://www.youtube.com/watch?v=1TrOGGk2zsg,No real educational value. To test your muscle memory for those who are studying for the board exam.
195,Rapid Review Compilations,Rapid board review — case compilations,Themed or sequential compilation,Rapid compilation,(Too) Rapid Board Review - Cases 78-84,78,0:44,2024-05-04,2246,sAxZgdNgOg8,https://www.youtube.com/watch?v=sAxZgdNgOg8,No real educational value. To test your muscle memory for those who are studying for the board exam.
196,Rapid Review Compilations,Rapid board review — case compilations,Themed or sequential compilation,Rapid compilation,(Too) Rapid Board Review - Cases 85-91,85,0:45,2024-05-09,2379,V46l_wEEXRo,https://www.youtube.com/watch?v=V46l_wEEXRo,No real educational value. To test your muscle memory for those who are studying for the board exam.
197,Rapid Review Compilations,Rapid board review — case compilations,Themed or sequential compilation,Rapid compilation,(Too) Rapid Board Review - Cases 92-98,92,0:45,2024-05-16,1956,e0elBZERVY4,https://www.youtube.com/watch?v=e0elBZERVY4,No real educational value. To test your muscle memory for those who are studying for the board exam.
198,Rapid Review Compilations,Rapid board review — case compilations,Themed or sequential compilation,Rapid compilation,(Too) Rapid Board Review - Cases 99-106,99,0:48,2024-05-18,3856,TXJK7sI8jw4,https://www.youtube.com/watch?v=TXJK7sI8jw4,No real educational value. To test your muscle memory for those who are studying for the board exam.
199,Rapid Review Compilations,Rapid board review — case compilations,Themed or sequential compilation,Rapid compilation,(Too) Rapid Board Review - Cases 106-112,106,0:51,2024-05-19,4381,XcL9wDmKCG0,https://www.youtube.com/watch?v=XcL9wDmKCG0,No real educational value. To test your muscle memory for those who are studying for the board exam.
200,Rapid Review Compilations,Neuroanatomy rapid review,Cross-sectional anatomy,Rapid compilation,"(Too) Rapid Board Review - Neuroanatomy, Sagittal (1)",,0:46,2022-03-27,5677,J__DHIJXz_s,https://www.youtube.com/watch?v=J__DHIJXz_s,No real educational value. To test your muscle memory for those who are studying for the exam.
201,Rapid Review Compilations,Neuroanatomy rapid review,Cross-sectional anatomy,Rapid compilation,"(Too) Rapid Board Review - Neuroanatomy, Sagittal (2)",,0:46,2022-03-27,3895,X0eLbCasz4E,https://www.youtube.com/watch?v=X0eLbCasz4E,No real educational value. To test your muscle memory for those who are studying for the exam.
202,Rapid Review Compilations,Neuroanatomy rapid review,Cross-sectional anatomy,Rapid compilation,"(Too) Rapid Board Review - Neuroanatomy, Sagittal (3)",,0:47,2022-03-27,4296,QeJfM6kYexQ,https://www.youtube.com/watch?v=QeJfM6kYexQ,No real educational value. To test your muscle memory for those who are studying for the board exam.
203,Rapid Review Compilations,Neuroanatomy rapid review,Cross-sectional anatomy,Rapid compilation,"(Too) Rapid Board Review - Neuroanatomy, Coronal (1)",,0:46,2023-04-16,5828,LQL08jSgKJ4,https://www.youtube.com/watch?v=LQL08jSgKJ4,No real educational value. To test your muscle memory for those who are studying for the board exam.
204,Rapid Review Compilations,Neuroanatomy rapid review,Cross-sectional anatomy,Rapid compilation,"(Too) Rapid Board Review - Neuroanatomy, Coronal 2",,0:46,2023-05-19,6844,32sW1deH1Ec,https://www.youtube.com/watch?v=32sW1deH1Ec,No real educational value. To test your muscle memory for those who are studying for the board exam.
205,Rapid Review Compilations,Neuroanatomy rapid review,Cross-sectional anatomy,Rapid compilation,"(Too) Rapid Board Review - Neuroanatomy, Coronal Face CT 1",,0:46,2024-03-09,2843,i9YZCnYLnIg,https://www.youtube.com/watch?v=i9YZCnYLnIg,No real educational value. To test your muscle memory for those who are studying for the board exam.
206,Rapid Review Compilations,Neuroanatomy rapid review,Cross-sectional anatomy,Rapid compilation,"(Too) Rapid Board Review - Neuroanatomy, Skull base (2) coronal",,0:46,2023-03-30,5398,XAmD3EmR-6U,https://www.youtube.com/watch?v=XAmD3EmR-6U,No real educational value. To test your muscle memory for those who are studying for the exam.
207,Rapid Review Compilations,Neuroanatomy rapid review,Cross-sectional anatomy,Rapid compilation,"(Too) Rapid Board Review - Neuroanatomy, Axial (1)",,0:46,2023-03-01,2750,CRdRGeLuDr0,https://www.youtube.com/watch?v=CRdRGeLuDr0,No real educational value. To test your muscle memory for those who are studying for the board exam.
208,Rapid Review Compilations,Neuroanatomy rapid review,Cross-sectional anatomy,Rapid compilation,"(Too) Rapid Board Review - Neuroanatomy, Axial (2)",,0:46,2023-03-01,3284,M_ZGfdeIdb4,https://www.youtube.com/watch?v=M_ZGfdeIdb4,No real educational value. To test your muscle memory for those who are studying for the board exam.
209,Rapid Review Compilations,Neuroanatomy rapid review,Cross-sectional anatomy,Rapid compilation,"(Too) Rapid Board Review - Neuroanatomy, Axial (3)",,0:52,2023-04-30,3421,OlB8WNy9kcs,https://www.youtube.com/watch?v=OlB8WNy9kcs,No real educational value. To test your muscle memory for those who are studying for the board exam.
210,Rapid Review Compilations,Neuroanatomy rapid review,Cross-sectional anatomy,Rapid compilation,"(Too) Rapid Board Review - Neuroanatomy, Skull base (1)",,0:46,2022-08-15,8258,GtQOErG6xdU,https://www.youtube.com/watch?v=GtQOErG6xdU,No real educational value. To test your muscle memory for those who are studying for the exam.
211,Rapid Review Compilations,Neuroanatomy rapid review,Cross-sectional anatomy,Rapid compilation,(Too) Rapid Board Review - Neuroanatomy CT Neck Sag,,0:51,2023-09-23,7249,X8fg4IKRVSQ,https://www.youtube.com/watch?v=X8fg4IKRVSQ,No real educational value. To test your muscle memory for those who are studying for the board exam.
212,Neuroradiology Signs,Sign review — multiple choice,Named imaging sign identification,Long-form quiz,Neuroradiology Signs - Multiple Choice Format,,23:27,2026-04-09,1503,RXhqqFnJhog,https://www.youtube.com/watch?v=RXhqqFnJhog,5:42 Answers & Explanations
213,Neuroradiology Signs,Sign shorts,Named imaging sign,Short,Neuroradiology Sign - Horseshoe #shorts,,0:56,2021-11-03,3367,bws8bPpEe4A,https://www.youtube.com/watch?v=bws8bPpEe4A,#shorts
214,Neuroradiology Signs,Sign shorts,Named imaging sign,Short,Neuroradiology Sign: Bare Orbit,,0:56,2024-02-25,1949,iVjCk14wiZQ,https://www.youtube.com/watch?v=iVjCk14wiZQ,
215,Neuroradiology Signs,Sign shorts,Named imaging sign,Short,Neuroradiology Sign: Blasted Calcifications,,0:57,2023-02-23,6322,TzDMxVeFHg8,https://www.youtube.com/watch?v=TzDMxVeFHg8,
216,Neuroradiology Signs,Sign shorts,Named imaging sign,Short,Neuroradiology Sign: Caput Medusae,,0:59,2022-02-13,2055,IzIGL5ecfoI,https://www.youtube.com/watch?v=IzIGL5ecfoI,#shorts
217,Neuroradiology Signs,Sign shorts,Named imaging sign,Short,Neuroradiology Sign: Crater Sign / Sinking Skin Flap,,0:54,2023-04-16,2931,weVsFxwKNC4,https://www.youtube.com/watch?v=weVsFxwKNC4,
218,Neuroradiology Signs,Sign shorts,Named imaging sign,Short,Neuroradiology Sign: Double Eagle / Turkey,,0:59,2023-03-02,2601,8NfuLdeP5Tw,https://www.youtube.com/watch?v=8NfuLdeP5Tw,
219,Neuroradiology Signs,Sign shorts,Named imaging sign,Short,Neuroradiology Sign: Dual Rim,,0:56,2022-09-01,4416,6HBlpLG2zZA,https://www.youtube.com/watch?v=6HBlpLG2zZA,#shorts
220,Neuroradiology Signs,Sign shorts,Named imaging sign,Short,Neuroradiology Sign: Eye-of-the-Tiger,,0:56,2022-11-21,3128,fXDDZwf4AY8,https://www.youtube.com/watch?v=fXDDZwf4AY8,#shorts
221,Neuroradiology Signs,Sign shorts,Named imaging sign,Short,Neuroradiology Sign: Funnel,,0:58,2023-12-18,4270,H2Phx6n5ASM,https://www.youtube.com/watch?v=H2Phx6n5ASM,
222,Neuroradiology Signs,Sign shorts,Named imaging sign,Short,Neuroradiology Sign: Ground Glass #shorts,,0:59,2022-08-28,3395,Xld-bfrGG6w,https://www.youtube.com/watch?v=Xld-bfrGG6w,#shorts
223,Neuroradiology Signs,Sign shorts,Named imaging sign,Short,Neuroradiology Sign: Harlequin  #shorts,,0:56,2021-11-21,3252,DQVjlTT6G2w,https://www.youtube.com/watch?v=DQVjlTT6G2w,#shorts
224,Neuroradiology Signs,Sign shorts,Named imaging sign,Short,Neuroradiology Sign: Inverted V,,1:01,2024-11-29,2203,lTVD4X8mJSo,https://www.youtube.com/watch?v=lTVD4X8mJSo,
225,Neuroradiology Signs,Sign shorts,Named imaging sign,Short,Neuroradiology Sign: Mt. Fuji  #shorts,,1:00,2021-11-10,2460,L1tRZDpHJW0,https://www.youtube.com/watch?v=L1tRZDpHJW0,#shorts
226,Neuroradiology Signs,Sign shorts,Named imaging sign,Short,Neuroradiology Sign: Owl's Eyes #shorts,,0:56,2021-11-10,3022,war3HqQdkQ4,https://www.youtube.com/watch?v=war3HqQdkQ4,"Spinal Cord Drawing Credit: Kunam VK. RadioGraphics
https://doi.org/10.1148/rg.2018170178"
227,Neuroradiology Signs,Sign shorts,Named imaging sign,Short,Neuroradiology Sign: Pancake Brain Sign,,0:58,2023-03-12,2416,rEhdQiLkxbs,https://www.youtube.com/watch?v=rEhdQiLkxbs,
228,Neuroradiology Signs,Sign shorts,Named imaging sign,Short,Neuroradiology Sign: Piglet/Trident  #shorts,,0:56,2022-08-30,3315,bXGjKyyXz2s,https://www.youtube.com/watch?v=bXGjKyyXz2s,#shorts
229,Neuroradiology Signs,Sign shorts,Named imaging sign,Short,Neuroradiology Sign: Popcorn #shorts,,1:00,2022-02-13,2550,fWrBKZv_upE,https://www.youtube.com/watch?v=fWrBKZv_upE,#shorts
230,Neuroradiology Signs,Sign shorts,Named imaging sign,Short,Neuroradiology Sign: Pseudo-Subarachnoid Hemorrhage,,0:59,2024-11-21,3007,UeY8ZZX6SuE,https://www.youtube.com/watch?v=UeY8ZZX6SuE,
231,Neuroradiology Signs,Sign shorts,Named imaging sign,Short,Neuroradiology Sign: Reverse Hamburger (Bun) Sign,,0:58,2023-03-05,2519,FLNnQtwgvFM,https://www.youtube.com/watch?v=FLNnQtwgvFM,
232,Neuroradiology Signs,Sign shorts,Named imaging sign,Short,Neuroradiology Sign: Seahorse and Almond Float,,0:54,2023-09-30,3305,AJhBFWB0HvM,https://www.youtube.com/watch?v=AJhBFWB0HvM,
233,Neuroradiology Signs,Sign shorts,Named imaging sign,Short,Neuroradiology Sign: Texas Longhorn #shorts,,0:57,2021-11-03,3664,eL1jv6i2Wec,https://www.youtube.com/watch?v=eL1jv6i2Wec,#shorts
234,Neuroradiology Signs,Sign shorts,Named imaging sign,Short,Neuroradiology Sign: Trail of the Snail,,0:59,2023-03-04,5360,EfhXFjTgC5Q,https://www.youtube.com/watch?v=EfhXFjTgC5Q,
235,Neuroradiology Signs,Sign shorts,Named imaging sign,Short,Neuroradiology Sign: Tram Track #shorts,,1:00,2021-11-03,4204,_h_NmmRpwlg,https://www.youtube.com/watch?v=_h_NmmRpwlg,
